code,results_charts,name,location,note
AC,,AGUA CALIENTE,"TIJUANA, MEXICO",
AD,,ARIZONA DOWNS,"PHOENIX, ARIZONA",
AIK,,AIKEN (HUNT),"AIKEN, SOUTH CAROLINA",
AJX,,AJAX DOWNS,"AJAX, ONTARIO, CANADA",
AKS,RESULTS,AK-SAR-BEN,"OMAHA, NEBRASKA",
ALB,RESULTS,ALBUQUERQUE,"ALBUQUERQUE, NEW MEXICO",
ALI,,ALLIANCE,,
ANF,,ANTHONY DOWNS,"ANTHONY, KANSAS",
AP,RESULTS,ARLINGTON INTERNATIONAL,"ARLINGTON HEIGHTS,ILLINOIS",(was Arlington Park before 1989)
AQU,CHARTS,AQUEDUCT,"JAMAICA, NEW YORK",
ARA,,AURORA,ILLINOIS,
ARP,,ARAPAHOE PARK,"AURORA, COLORADO",
ASC,,ASCOT PARK,"NORTH RANDALL, OHIO",
ASD,,ASSINIBOIA DOWNS,"WINNIPEG, MANITOBA, CANADA",
ATH,,ATLANTA,(HUNT MEET IN GEORGIA),
ATL,RESULTS,ATLANTIC CITY,"ATLANTIC CITY, NEW JERSEY",
ATO,,ATOKAD PARK,"SOUTH SIOUX CITY, NEBRASKA",
AUD,,AUDUBON PARK,"HENDERSON, KENTUCKY",
AVN,,AVON (STP),"AVON, NEW YORK",
AZD,,ARIZONA DOWNS,"PRESCOTT VALLEY, ARIZONA",
BB,,BLUE BONNETS,"MONTREAL, QUEBEC, CANADA",
BCF,,BROWN COUNTY FAIR,"ABERDEEN, SOUTH DAKOTA",
BD,,BERKSHIRE DOWNS,"HANCOCK, MASSACHUSETTS",
BEL,CHARTS,BELMONT PARK,"ELMONT, NEW YORK",
BEU,RESULTS,BEULAH PARK,"GROVE CITY, OHIO",
BF,,BROCKTON FAIR,"BROCKTON, MASSACHUSETTS",
BGD,,BLUE GRASS DOWNS,"PADUCAH, KENTUCKY",
BHP,,BETFAIR HOLLYWOOD PARK,"INGLEWOOD, CALIFORNIA",
BIL,,BILLINGS,"BILLINGS, MONTANA",
BIR,RESULTS,BIRMINGHAM TURF CLUB,"BIRMINGHAM, ALABAMA",
BKF,,BLACK FOOT,"BLACKFOOT, IDAHO",
BLR,,BEL AIR,,
BM,CHARTS,BAY MEADOWS,"SAN MATEO, CALIFORNIA",
BMF,CHARTS,BAY MEADOWS FAIR,"SAN MATEO, CALIFORNIA",
BML,CHARTS,BALMORAL PARK,"CRETE, ILLINOIS",
BND,,BANDERA DOWNS,"BANDERA, TEXAS",
BOI,,LES BOIS PARK,"BOISE, IDAHO",
BOW,,BOWIE,"BOWIE, MARYLAND",
BRD,,BLUE RIBBON DOWNS,"SALLISAW, OKLAHOMA",
BRN,,HARNEY COUNTY FAIR,"BURNS, OREGON",
BRO,,BROCKHILL FARM,"RALEIGH, NORTH CAROLINA",
BSR,,BARRETTS RACE MEET AT FAIRPLEX,"POMONA, CALIFORNIA",
BTP,,BELTERRA PARK,"CINCINNATI, OHIO",
CAM,,CAMDEN (HUNT),"CAMDEN, SOUTH CAROLINA",
CAS,,CASSIA COUNTY FAIR,IDAHO,
CBY,RESULTS,CANTERBURY PARK,"SHAKOPEE, MINNESOTA",
CD,CHARTS,CHURCHILL DOWNS,"LOUISVILLE, KENTUCKY",
CDA,,COEUR D'ALENE,"COEUR D'ALENE, IDAHO",
CEG,,CALGARY,"CALGARY, ALBERTA,CANADA",
CEN,,CENTENNIAL RACE TRACK,"LITTLETON, COLORADO",
CHA,,CHARLESTON (HUNT),"CHARLESTON, SOUTH CAROLINA",
CHL,,CHARLOTTE (HUNT),"CHARLOTTE, NORTH CAROLINA",
CI,,CONEY ISLAND,"CINCINNATI, OHIO",
CKA,,CAHOKIA DOWNS,"EAST ST. LOUIS, ILLINOIS",
CLG,,TROUT SPRINGS TRNG CTR,"ALBERTA, CANADA",
CLM,,CLEMMONS (HUNT),"CLEMMONS, NORTH CAROLINA",
CLS,,COLUMBUS,"COLUMBUS, NEBRASKA",
CNL,,COLONIAL DOWNS,"RICHMOND, VIRGINIA",
COM,,COMMODORE DOWNS,"FAIRVIEW, PENNSYLVANIA",
CP,,CONNAUGHT PARK,"AYLMOR, QUEBEC, CANADA",
CPW,,CHIPPEWA DOWNS,NORTH DAKOTA,
CRC,CHARTS,CALDER RACE COURSE,"MIAMI, FLORIDA",
CRN,,CRANWOOD PARK,"CLEVELAND, OHIO",
CT,RESULTS,CHARLES TOWN,"CHARLES TOWN, WEST VIRGINIA",
CTD,,CENTURY DOWNS,"ROCKY VIEW COUNTY, ALBERTA, CANADA",
CTM,,CENTURY MILE,"EDMONTON, ALBERTA, CANADA",
CWF,,CENTRAL WYOMING FAIR,"CASER, WYOMING",
CWL,,CUMBERLAND,"CUMBERLAND, MARYLAND",
DAD,,DADE PARK,KENTUCKY,
DAR,,DARBY DOWNS,"GROVE CITY, OHIO",
DED,,DELTA DOWNS,"VINTON, LOUISIANA",
DEL,RESULTS,DELAWARE PARK,"WILMINGTON, DELAWARE",
DEP,,DESERT PARK,"OSOYOOS, BRITISH COLUMBIA",
DET,RESULTS,DETROIT RACE COURSE,"LIVONIA, MICHIGAN",
DG,,COCHISE COUNTY FAIR @ DOUGLAS,"DOUGLAS, ARIZONA",
DMF,,DEL MAR FAIR,"DEL MAR, CALIFORNIA",
DMR,CHARTS,DEL MAR,"DEL MAR, CALIFORNIA",
DOV,,DOVER DOWNS,"DOVER, DELAWARE",
DUE,,DUELING GROUNDS,KENTUCKY,"(is now Kentucky Downs, use DUE from 1/1/90 to 12/31/95; see KD)"
DUF,,DUFFERIN PARK,"ONTARIO, CANADA",
DUN,,GREENLEE COUNTY FAIR,,
DVP,,DORVAL PARK,"QUEBEC, CANADA",
DXD,,DIXIE DOWNS,"ST. GEORGE, UTAH",
ED,,ENERGY DOWNS,"GILLETTE, WYOMING",
EDM,,EDMONTON,"EDMONTON, ALBERTA, CANADA",
ELK,,ELKO COUNTY FAIR,"ELKO, NEVADA",
ELM,,ELMA,,
ELP,CHARTS,ELLIS PARK,"HENDERSON, KENTUCKY",
ELY,,WHITE PINE RACING,"ELY, NEVADA",
EMD,,EMERALD DOWNS,"AUBURN, WASHINGTON",
EMP,,EMPIRE CITY,NEW YORK,
EMT,,EMMETT,"EMMETT, IDAHO",
EP,,EXHIBITION PARK,"VANCOUVER, B.C., CANADA",(Name changed to Hastings Park -HST- beginning in 1994)
ERD,,ERIE DOWNS,"FAIRVIEW, PENNSYLVANIA",
EUR,,EUREKA,"EUREKA, KANSAS",
EVD,,EVANGELINE DOWNS,"LAFAYETTE, LOUISIANA",
FAI,,FAIR HILL (HUNT),"FAIR HILL, MARYLAND",
FAR,,NORTH DAKOTA HORSE PARK,"FARGO, NORTH DAKOTA",
FAX,,FAIRFAX (HUNT),"FAIRFAX, VIRGINIA",
FD,,FLORIDA DOWNS,"TAMPA, FLORIDA",
FE,RESULTS,FORT ERIE,"FORT ERIE, ONTARIO, CANADA",
FER,,FERNDALE,"FERNDALE, CALIFORNIA",
FG,RESULTS,FAIR GROUNDS,"NEW ORLEANS, LOUISIANA",
FGS,,FAIRGROUNDS SPEEDWAY,"LOUISVILLE, KENTUCKY",
FH,,FAR HILLS (HUNT),"FAR HILLS, NEW JERSEY",
FL,RESULTS,FINGER LAKES,"FARMINGTON, NEW YORK",
FM,,FORT MIAMI,"MAUMEE, OHIO",
FMT,,FAIR MEADOWS,"TULSA, OKLAHOMA",
FNO,,FRESNO,"FRESNO, CALIFORNIA",
FON,,FONNER PARK,"GRAND ISLAND, NEBRASKA",
FOX,,FOXBORO,"FOXBORO, MASSACHUSETTS",
FP,,FAIRMOUNT PARK,"COLLINSVILLE, ILLINOIS",
FPL,,FAIR PLAY PARK,,
FPX,CHARTS,FAIRPLEX PARK,"POMONA, CALIFORNIA",
FTP,,FORT PIERRE,"FORT PIERRE, SOUTH DAKOTA",
FX,,FOXFIELD (HUNT),"FOXFIELD, VIRGINIA",
GBF,,GREAT BARRINGTON FAIR,"GREAT BARRINGTON, MASSACHUSETTS",
GF,,GREAT FALLS,"GREAT FALLS, MONTANA",
GG,CHARTS,GOLDEN GATE FIELDS,"ALBANY, CALIFORNIA",
GIL,,GILLESPIE COUNTY FAIRGROUND,"FREDERICKSBURG, TEXAS",
GLD,,GREAT LAKES DOWNS,"MUSKEEGON, MICHIGAN",
GLN,,GLYNDON (HUNT),"MD HUNT CLUB COURSE GLYNDON,MD",
GM,,GREEN MOUNTAIN,"POWNAL, VERMONT",
GMP,,GRESHAM PARK,"PORTLAND, OREGON",
GN,,GRAND NATIONAL (HUNT),"BUTLER, MARYLAND",
GP,CHARTS,GULFSTREAM PARK,"HALLANDALE, FLORIDA",
GPR,,GRANDE PRAIRIE,"ALBERTA, CANADA",
GPW,,GULFSTREAM PARK WEST,"MIAMI, FLORIDA",
GRD,RESULTS,GREENWOOD,"REXDALE, ONTARIO, CANADA",
GRM,,GREAT MEADOWS (HUNT),VIRGINIA,
GRP,,GRANTS PASS,"GRANTS PASS, OREGON",
GS,CHARTS,GARDEN STATE PARK,"CHERRY HILL, NEW JERSEY",
GTW,,GATEWAY DOWNS,"HOLLY, COLORADO",
GV,,GENESEE VALLEY (HUNT),"GENESEE, NEW YORK",
HAG,,HAGERSTOWN,"HAGERSTOWN, MARYLAND",
HAM,,HAMILTON (ONT),"HAMILTON, ONTARIO, CANADA",
HAP,,HARBOR PARK,"ELMA, WASHINGTON",
HAW,CHARTS,HAWTHORNE,"CHICAGO, ILLINOIS",
HDG,,HAVRE DE GRACE,"HAVRE DE GRACE, MARYLAND",
HIA,CHARTS,HIALEAH PARK,"HIALEAH, FLORIDA",
HLN,,HELENA DOWNS,MONTANA,
HO,,HAMILTON,"HAMILTON, OHIO",
HOB,,NAVAJO COUNTY FAIR,ARIZONA,
HOL,CHARTS,HOLLYWOOD PARK,"INGLEWOOD, CALIFORNIA",
HOO,,HOOSIER PARK,"ANDERSON, INDIANA",
HOU,CHARTS,SAM HOUSTON RACE PARK,"HOUSTON, TEXAS",
HP,RESULTS,HAZEL PARK,"HAZEL PARK, MICHIGAN",
HPO,,HORSEMEN'S PARK,"OMAHA, NEBRASKA",
HST,,HASTINGS PARK,"VANCOUVER, BR. COL., CANADA","(from 1920 through 1993, was named Exhibition Park -EP-)"
IMP,,IMPERIAL,CALIFORNIA,
IND,,HORSESHOE INDIANAPOLIS,"SHELBYVILLE, INDIANA",
ING,,INGLESIDE,"PHOENIX, ARIZONA",
JAM,,JAMAICA,"JAMAICA, NEW YORK",
JEF,,JEFFERSON PARK,LOUISIANA,
JND,,JEFFERSON DOWNS,"KENNER, LOUISIANA",
JRM,,JEROME COUNTY FAIR,IDAHO,
KAM,,KAMLOOPS,"KAMLOOPS, BR. COL., CANADA",
KD,,KENTUCKY DOWNS,KENTUCKY,
KEE,CHARTS,KEENELAND,"LEXINGTON, KENTUCKY",
KEP,,KENILWORTH PARK,"ONTARIO, CANADA",
KEY,,KEYSTONE RACE TRACK,"BENSALEM, PENNSYLVANIA",
KIN,,KIN PARK,"VERNON, BR. COL., CANADA",
KLF,,KALMATH COUNTY FAIR,OREGON,
KSP,,KALISPELL,MONTANA,
KYR,,KENTUCKY RACEWAY,KENTUCKY,
LA,RESULTS,LOS ALAMITOS,"LOS ALAMITOS, CALIFORNIA",
LAD,RESULTS,LOUISANA DOWNS,"BOSSIER CITY, LOUISIANA",
LAM,,LA MESA PARK,"RATON, NEW MEXICO",
LAR,,NUEVO LAREDO,"NUEVO LAREDO, MEXICO",
LAT,,LATONIA,"FLORENCE, KENTUCKY","(is now Turfway Park, use LAT from 1/1/76 to 4/3/86; see TP)"
LAV,,LAS VEGAS PARK,"LAS VEGAS, NEVADA",
LB,,LONG BRANCH,"LONG BRANCH, ONTARIO, CANADA",
LBG,,LETHBRIDGE - RMTC,"LETHBRIDGE, ALBERTA, CANADA",
LBT,,LAUREL BROWN RACE TRACK,UTAH,
LD,,LINCOLN DOWNS,"PAWTUCKET, RHODE ISLAND",
LEB,,LEBANON,"LEBANON, OHIO",
LEX,,LEXINGTON (HUNT),"HIGH HOPE STPLCHS,LEXINGTON,KY",
LF,,LINCOLN FIELDS,"CRETE, ILLINOIS",
LGA,,LONGACRES,"SEATTLE, WASHINGTON",(closed - racing in the area now at Emerald Downs -EMD-)
LIB,,LIBERTY BELL PARK,"PHILADELPHIA, PENNSYLVANIA",
LIG,,LIGONIER (HUNT),"LIGONIER, PENNSYLVANIA",
LNN,,LINCOLN STATE FAIR,"LINCOLN, NEBRASKA",
LP,,LAS PALMAS,CALIFORNIA,
LP,,LANSDOWN PARK,"RICHMOND, BRITISH COLUMBIA, CANADA",
LRC,,LOS ALAMITOS RACE COURSE,"LOS ALAMITOS, CALIFORNIA",
LRL,CHARTS,LAUREL RACE COURSE,"BALTIMORE, MARYLAND",
LS,,LONESTAR PARK,TEXAS,
LXG,,KY ASSOC COURSE,KENTUCKY,
MAD,,MADISON,"MADISON, NEBRASKA",
MAF,,MARIAS FAIR,MONTANA,
MAL,,MALVERN (HUNT),"MALVERN, PENNSYLVANIA",
MAN,,MANOR DOWNS,TEXAS,
MAR,,MARLBORO,"BOWIE, MARYLAND",
MAS,,MASON-DIXON (HUNT),"MASON-DIXON, OHIO",
MAU,,MAUMEE DOWNS,"MAUMEE, OHIO",
MBK,,MEADOWBROOK,"OLD WESTBURY, NEW YORK",
MBO,,MIDDLEBORO FAIR,"LAXEVILLE, MASSACHUSETTS",
MC,,MILES CITY,MONTANA,
MCH,,MITCHELL,"MITCHELL, NEBRASKA",
MD,,MARQUIS DOWNS,"SASKATOON, SASKATCHEWAN, CANADA",
MED,CHARTS,MEADOWLANDS,"EAST RUTHERFORD, NEW JERSEY",
MEM,,MEMORIAL PARK,"BRUSH, COLORADO",
MF,,MARSHFIELD FAIR,"MARSHFIELD, MASSACHUSETTS",
MGO,,MARENGO PLANTATION,"NEW KENT, VIRGINIA",
MI,,MIDWAY DOWNS,OKLAHOMA,
MID,,MIDDLEBURG (HUNT),"MIDDLEBURG, VIRGINIA",
MIL,,MILLARVILLE,"ALBERTA, CANADA",
MIM,,MIAMI,"MIAMI, FLORIDA",
MJC,,MARYLAND JOCKEY CLUB,MARYLAND,
MLO,,MILO RACE TRACK,"ALBERTA, CANADA",
MNR,RESULTS,MOUNTAINEER PARK,"CHESTER, WEST VIRGINIA",(use MNR for Mountaineer Park since 1/1/90; see MTN & WAT)
MOF,,MOHAVE COUNTY FAIR,ARIZONA,
MOL,,MOLINE,,
MON,,MONKTON (HUNT),"MONKTON, MARYLAND",
MOR,,MORVEN PARK (HUNT),"LEESBURG, VIRGINIA",
MP,,MILES PARK,"LOUISVILLE, KENTUCKY",
MPL,,MAPLE HEIGHTS,OHIO,
MPM,,MT. PLEASANT,"MOUNT PLEASANT, MICHIGAN",
MTC,,MIDDLETOWN TRNG CTR,VIRGINIA,
MTH,CHARTS,MONMOUTH PARK,"OCEANPORT, NEW JERSEY",
MTN,,MOUNTAINEER PARK,"CHESTER, WEST VIRGINIA",(use MTN for Mountaineer from 7/2/87 through 12/31/89; see MNR & WAT)
MTP,,MONTPELIER (HUNT),"MONTPELIER, VIRGINIA",
MUS,,MUSKEGON,"MUSKEGON, MICHIGAN",
MVR,,MAHONING VALLEY RACE COURSE,"YOUNGSTOWN, OHIO",
MWB,,MEADOWBROOK TRNG CTR,FLORIDA,
NAR,,NARRAGANSETT PARK,"PAWTUCKET, RHODE ISLAND",
NMP,,NORTHAMPTON,"NORTHAMPTON, MASSACHUSETTS",
NP,,NORTHLANDS PARK,"EDMONTON, ALBERTA, CANADA",
OMA,,OMAHA,"OMAHA, NE",
ONE,,ONEIDA COUNTY FAIR,IDAHO,
OP,CHARTS,OAKLAWN PARK,"HOT SPRINGS, ARKANSAS",
OSA,,OAK TREE AT SANTA ANITA,"ARCADIA, CALIFORNIA",
OTC,,OCALA TRAINING CENTER,"OCALA, FLORIDA",
OTD,,OAK TREE AT DEL MAR,"DEL MAR, CALIFORNIA",
OTH,,OAK TREE AT HOLLYWOOD PARK,"INGLEWOOD, CALIFORNIA",
OTP,,OAK TREE AT PLEASANTON,"PLEASANTON, CALIFORNIA",
OW,,OLD WOODBINE,"REXDALE, ONTARIO, CANADA",
OXM,,OXMOOR (HUNT),"LOUISVILLE, KENTUCKY",
PBD,,PALM BEACH DOWNS,FLORIDA,
PEN,RESULTS,PENN NATIONAL,"GRANTVILLE, PENNSYLVANIA",
PHA,RESULTS,PHILADELPHIA PARK,"BENSALEM, PENNSYLVANIA",
PHO,,PHOENIX FAIRGROUNDS,"PHOENIX, ARIZONA",
PIC,,PICOV DOWNS,"MANITOBA, CANADA",
PID,,PRESQUE ISLE DOWNS,PENNSYLVANIA,
PIM,CHARTS,PIMLICO,"BALTIMORE, MARYLAND",
PIT,,PITT PARK,"PITTSBURGH, PENNSYLANIA",
PJ,,PARK JEFFERSON,"JEFFERSON, SOUTH DAKOTA",
PLA,,PLAYFAIR,"SPOKANE, WASHINGTON",
PLN,CHARTS,PLEASANTON,"PLEASANTON, CALIFORNIA",
PLP,,POLO PARK,"WINNIPEG, MANITOBA, CANADA",
PM,,PORTLAND MEADOWS,"PORTLAND, OREGON",
PMB,,PALM BEACH (HUNT),"PALM BEACH, FLORIDA",
PMF,,PORTLAND MEADOWS FAIR,"PORTLAND, OREGON",
PMT,,PINE MOUNTAIN (HUNT),"GALLOWAY GARDENS, GEORGIA",
PNL,,PINNACLE RACE COURSE,"NEW BOSTON, MI",
POC,,POCONO DOWNS,"WILKES BARRE, PENNSYLVANIA",
POD,,POCATELLO DOWNS,IDAHO,
POM,RESULTS,(SEE FPX),"POMONA, CALIFORNIA",
PPK,,POMPANO PARK,FLORIDA,
PPM,,PIKES PEAK MEADOWS,"FOUNTAIN, COLORADO",
PRM,,PRAIRIE MEADOWS,"ALTOONA, IOWA",
PRN,,PRINEVILLE TURF CLUB,OREGON,
PRO,,PROSPECT (HUNT),"PROSPECT, KENTUCKY",
PRV,,CROOKED RIVER ROUNDUP,"PRINEVILLE, OREGON",
PRX,,PARX RACING,"BENSALEM, PENNSYLVANIA",
PSP,,SPORTSMANS PARK (PHOE),"PHOENIX, ARIZONA",
PW,,PERCY WARNER (HUNT),"NASHVILLE, TENNESSEE",
QBY,,QUEENSBURY DOWNS,"REGINA, SASKATCH., CANADA",
RAC,,RACELAND,KENTUCKY,
RAN,,RANDALL PARK,"NORTH RANDALL, OHIO",
RAP,,RAPID CITY,"RAPID CITY, SOUTH DAKOTA",
RAT,,RACEWAY PARK,"TOLEDO, OHIO",
RAV,,RAVALLI COUNTY FAIR,MONTANA,
RB,,RED BANK (HUNT),"RED BANK, NEW JERSEY",
RD,RESULTS,RIVER DOWNS,"CINCINNATI, OHIO",
RDA,,WESTERNER EXH. ASSOC.,"ALBERTA, CANADA",
RDP,,RED DEER PARK,"ALBERTA, CANADA",
REG,,REGINA,"REGINA, SASKATCHEWAN, CANADA",
RET,,RETAMA PARK,"SELMA, TEXAS",
RIL,,RILLITO,"TUCSON, ARIZONA",
RKM,RESULTS,ROCKINGHAM PARK,"SALEM, NEW HAMPSHIRE",
ROP,,ROUND UP PARK,COLORADO,
RP,RESULTS,REMINGTON PARK,"OKLAHOMA CITY, OKLAHOMA",
RUI,,RUIDOSO DOWNS,"RUIDOSO, NEW MEXICO",
RUP,,RUPERT DOWNS,IDAHO,
RWD,,ROLLIE WHITE DOWNS,TEXAS,
SA,CHARTS,SANTA ANITA PARK,"ARCADIA, CALIFORNIA",
SAC,,SACRAMENTO,"SACRAMENTO, CALIFORNIA",
SAF,,GRAHAM COUNTY FAIR,ARIZONA,
SAG,,SAGEBRUSH DOWNS,OREGON,
SAL,,SALEM,"SALEM, OREGON",
SAN,,SANDOWN PARK,"VICTORIA, BRITISH COLUMBIA, CANADA",
SAR,CHARTS,SARATOGA,"SARATOGA SPRINGS, NEW YORK",
SAS,,SASKATOON,"SASKATOON, SASKATCH., CANAD",
SCD,,SCARBOROUGH DOWNS,"SCARBOROUGH, MAINE",
SDY,,SANDY DOWNS,"IDAHO FALLS, IDAHO",
SED,,SEDALIA,"SEDALIA, MISSOURI",
SEM,,SEMINOLE DOWNS,"CASSELBERRY, FLORIDA",
SFE,,SANTA FE DOWNS,"SANTA FE, NEW MEXICO",
SH,,STRAWBERRY HILL (HUNT),"RICHMOND, VIRGINIA",
SHD,,SHENNANDOAH DOWNS,"CHARLESTOWN, WEST VIRIGINA",
SHW,,SHAWAN DOWNS (HUNT),"BUTLER, MARYLAND",
SJ,,APACHE COUNTY FAIR,ARIZONA,
SJM,,ST. JAMES FARM (STP),"WARRENSVILLE, ILLINOIS",
SLR,,SAN LUIS REY DOWNS T/CTR,CALIFORNIA,
SLV,,SILVER PARK,"SILVER CITY, NEW MEXICO",
SND,,SUNFLOWER DOWNS,"PRINCETON, BR. COL., CANADA",
SND,,SUNFLOWER DOWNS,"PRINCETON, BRITISH COLUMBIA",
SOL,RESULTS,SOLANO,"VALLEJO, CALIFORNIA",
SON,,SANTA CRUZ COUNTY FAIR,ARIZONA,
SOP,,SOUTHERN PINES (HUNT),"SOUTHERN PINES, NORTH CAROLINA",
SP,,SUNSHINE PARK,"TAMPA, FLORIDA",
SPG,,ILLINOIS STATE FAIR,ILLINOIS,
SPT,CHARTS,SPORTSMAN'S PARK,"CICERO, ILLINOIS",
SR,CHARTS,SANTA ROSA,"SANTA ROSA, CALIFORNIA",
SRP,,SUNRAY PARK,"FARMINGTON, NEW MEXICO",(was San Juan Downs before 1999)
STK,RESULTS,STOCKTON,"STOCKTON, CALIFORNIA",
STL,,ST LOUIS (HUNT),"ST LOUIS, MISSOURI",
STN,,STONEYBROOK AT FIVE POINTS,"RAEFORD, NORTH CAROLINA",
STP,,STAMPEDE PARK,"EDMONTON, ALBERTA, CANADA",
SUD,,SUN DOWNS,"TRI CITIES, WASHINGTON",
SUF,RESULTS,SUFFOLK DOWNS,"EAST BOSTON, MASSACHUSETTS",
SUN,,SUNLAND PARK,"SUNLAND PARK, NEW MEXICO",
SWF,,SWEETWATER DOWNS,"ROCK SPRINGS, WYOMING",
TAM,RESULTS,TAMPA BAY DOWNS,"TAMPA, FLORIDA",
TAN,,TANFORAN,"ALBANY, CALIFORNIA",
TDN,RESULTS,THISTLEDOWN,"NORTH RANDALL, OHIO",
THF,,THORNCLIFFE PARK,"TORONTO, ONTARIO, CANADA",
TIA,,TIJUANA,"TIJUANA, MEXICO",
TIL,,TILLAMOOK COUNTY FAIR,OREGON,
TIM,CHARTS,TIMONIUM,"TIMONIUM, MARYLAND",
TOP,,TOPSFIELD FAIR,"TOPSFIELD, MASSACHUSETTS",
TP,CHARTS,TURFWAY PARK,"FLORENCE, KENTUCKY",(was Latonia until 4/3/86; see LAT)
TRM,,TRINITY MEADOWS,"WILLOW PARK, TEXAS",
TRO,,TROCHU,"ALBERTA, CANADA",
TRP,,TROPICAL PARK,"MIAMI, FLORIDA",
TRS,,TRI-STATE PARK,"JEFFERSON, SOUTH DAKOTA",
TRU,,TRUFORM TEST,CALIFORNIA,
TRY,,TRYON (HUNT),"TRYON, NORTH CAROLINA",
TS,,TROUT SPRINGS,"ALBERTA, CANADA",
TUC,,TUCSON,"TUCSON, ARIZONA",
TUP,,TURF PARADISE,"PHOENIX, ARIZONA",
UD,,URANIUM DOWNS,"GRAND JUNCTION, COLORADO",
UN,,E OREGON LIVESTOCK SHOW,OREGON,
UNI,,UNIONVILLE (HUNT),"UNIONVILLE, PENNSYLVANIA",
VIC,,VICTORVILLE,"VICTORVILLE, CALIFORNIA",
WAR,,WARRENTON (HUNT),"WARRENTON, VIRGINIA",
WAS,,WASHINGTON PARK,"ARLINGTON HEIGHTS, ILLINOIS",
WAT,,WATERFORD PARK,"CHESTER, WEST VIRGINIA","(is now Mountaineer Park, use WAT for 1976 - 6/29/87; see MTN & MNR)"
WBR,,WEBER DOWNS,UTAH,
WCD,,WELLS CO FAIR,NORTH DAKOTA,
WDS,RESULTS,WOODLANDS,"KANSAS CITY, KANSAS",
WEY,,WEYMOUTH FAIR,"WEYMOUTH, MASSACHUSETTS",
WHE,,WHEELING DOWNS,"WHEELING, WEST VIRGINIA",
WIL,,WILLOWDALE STEEPLECHASE,"KENNETT SQUARE, PENNSYLVANIA",
WIN,,WINDSOR RACEWAY,"WINDSOR, ONTARIO, CANADA",
WMF,,WESTERN MT FAIR,MONTANA,
WNT,,WINTERTHUR RACES,DELAWARE,
WO,RESULTS,WOODBINE,"REXDALE, ONTARIO, CANADA",
WPR,,WHITE PLAINS RACING,NEVADA,
WRD,,WILL ROGERS DOWNS,"CLAREMORE, OKLAHOMA",
WTS,,WAITSBURG RACE TRACK,WASHINGTON,
WW,,WALLA WALLA,WASHINGTON,
WYO,,WYOMING DOWNS,"EVANSTON, WYOMING",
YAV,,YAVAPAI DOWNS,"PRESCOTT, ARIZONA",
YD,,YELLOWSTONE DOWNS,"BILLINGS, MONTANA",
YKT,,YORKTON EXH. ASSOC.,"SASKATCHEWAN, CANADA",
YM,,YAKIMA MEADOWS,"YAKIMA, WASHINGTON",
YMA,,YUMA COUNTY FAIR,ARIZONA,
ZIA,,ZIA PARK,NEW MEXICO,
