code,timezone
AQU,America/New_York
ARP,America/Denver
ATL,America/New_York
BEL,America/New_York
CBY,America/Chicago
CD,America/New_York
CNL,America/New_York
CT,America/New_York
DED,America/Chicago
DEL,America/New_York
DMR,America/Los_Angeles
ELP,America/Chicago
EMD,America/Los_Angeles
EVD,America/Chicago
FE,America/Toronto
FG,America/Chicago
FL,America/New_York
FMT,America/Chicago
FNO,America/Los_Angeles
FON,America/Chicago
GG,America/Los_Angeles
GP,America/New_York
HAW,America/Chicago
HOO,America/Indiana/Indianapolis
HOU,America/Chicago
IND,America/Indiana/Indianapolis
KD,America/Chicago
KEE,America/New_York
LA,America/Los_Angeles
LAD,America/Chicago
LRL,America/New_York
LS,America/Chicago
MED,America/New_York
MNR,America/New_York
MTH,America/New_York
NP,America/Edmonton
OP,America/Chicago
OSA,America/Los_Angeles
PEN,America/New_York
PHA,America/New_York
PID,America/New_York
PIM,America/New_York
PLN,America/Los_Angeles
PRM,America/Chicago
PRX,America/New_York
RET,America/Chicago
RIL,America/Phoenix
RP,America/Chicago
RUI,America/Denver
SA,America/Los_Angeles
SAC,America/Los_Angeles
SAR,America/New_York
SLR,America/Los_Angeles
SOL,America/Los_Angeles
SR,America/Los_Angeles
STK,America/Los_Angeles
SUF,America/New_York
SUN,America/Denver
TAM,America/New_York
TDN,America/New_York
TIM,America/New_York
TP,America/New_York
TUP,America/Phoenix
WO,America/Toronto
WYO,America/Denver
YAV,America/Phoenix
ZIA,America/Denver
