alias,code,note
Belmont at the Big A,BAQ,"Belmont meet run at Aqueduct (the Big A); a different track from Belmont Park (BEL), so it keeps its own code. To fold it into BEL, change this code."
Belmont Park at the Big A,BAQ,"Belmont meet run at Aqueduct (the Big A); a different track from Belmont Park (BEL), so it keeps its own code. To fold it into BEL, change this code."
Hollywood Casino at Charles Town Races,CT,DraftKings long name for Charles Town
Charles Town Races,CT,Equibase listing is 'Charles Town'
Los Alamitos Race Course,LA,DraftKings long name
San Luis Rey Training Center,SLR,DraftKings name for San Luis Rey Downs
Oakridge Training Center,OEC,Equibase 'Oakridge Equine C'nter'
Mountaineer Casino Racetrack & Resort,MNR,DraftKings long name
Mountaineer Casino Racetrack and Resort,MNR,DraftKings long name
Mountaineer,MNR,short form
Prairie Meadows Racetrack and Casino,PRM,DraftKings long name
Horseshoe Indianapolis,IND,current operator name of Indiana Downs
Indiana Grand,IND,current track name
Parx Racing,PRX,Equibase list predates the PRX code; carried from the previous registry
